{
  "model_type": "transformer",
  "test_metrics": {
    "R@1": 21.875,
    "R@5": 53.125,
    "R@10": 70.3125,
    "MRR": 0.36849227191630207,
    "MedR": 5.0
  },
  "baselines": {
    "random": {
      "R@1": 3.125,
      "R@5": 15.625,
      "R@10": 31.25,
      "MRR": 0.12682797485739125
    },
    "bow": {
      "R@1": 9.375,
      "R@5": 20.3125,
      "R@10": 26.5625,
      "MRR": 0.16203356672785701
    }
  },
  "training": {
    "best_epoch": 15,
    "best_val_r1": 22.58064516129032,
    "final_train_loss": 1.1913834512233734
  },
  "config": {
    "image_size": 224,
    "max_seq_len": 32,
    "max_vocab_size": 5000,
    "batch_size": 32,
    "num_epochs": 50,
    "learning_rate": 0.0003,
    "embed_dim": 256,
    "dropout": 0.2,
    "seed": 42
  }
}