{
  "model_type": "lstm",
  "test_metrics": {
    "R@1": 37.5,
    "R@5": 79.6875,
    "R@10": 89.0625,
    "MRR": 0.5468880007324063,
    "MedR": 2.0
  },
  "baselines": {
    "random": {
      "R@1": 3.125,
      "R@5": 15.625,
      "R@10": 31.25,
      "MRR": 0.12682797485739125
    },
    "bow": {
      "R@1": 9.375,
      "R@5": 20.3125,
      "R@10": 26.5625,
      "MRR": 0.16203356672785701
    }
  },
  "training": {
    "best_epoch": 16,
    "best_val_r1": 25.806451612903224,
    "final_train_loss": 0.529882264137268
  },
  "config": {
    "image_size": 224,
    "max_seq_len": 32,
    "max_vocab_size": 5000,
    "batch_size": 32,
    "num_epochs": 50,
    "learning_rate": 0.0003,
    "embed_dim": 256,
    "dropout": 0.2,
    "seed": 42
  }
}